Elixirr,https://www.elixirr.com/contact/,hello@elixirr.com,,
Brainpool,https://brainpool.ai/,hr@brainpool.ai,,
OneTrust,https://www.onetrust.com/,askhr@onetrust.com,,
Graphcore,https://www.graphcore.ai/,careers@graphcore.ai,info@graphcore.ai,
ThoughtMachine,https://www.thoughtmachine.net/,press@thoughtmachine.net,,
Patsnap,https://www.patsnap.com,hello@patsnap.com,,
Lendable,https://www.lendable.co.uk/,contact@lendable.co.uk,,
Quantexa,https://www.quantexa.com/,info@quantexa.com,,
Onfido,https://onfido.com/,,,
Wayve,https://wayve.ai/,hello@wayve.ai,,
Callsign,https://www.callsign.com,info@callsign.com,,
ContractPodAi,https://contractpodai.com/,Connect@ContractPodAi.com,,
Beamery,https://beamery.com/,support@beamery.com,,
Huma,https://huma.com/,careers@huma.com,info@huma.com,contact@huma.com
builder.ai,https://www.builder.a,builderai@jobs.workablemail.com,,
